{
  "timestamp": "2026-06-27T07:38:26.428009",
  "design_type": "plackett_burman",
  "active_factors": [
    "AR",
    "N2",
    "HE",
    "C3H6",
    "O2",
    "NF3",
    "PRESSURE",
    "SPACE",
    "TIME",
    "RF_POWER"
  ],
  "n_runs": 12,
  "optimization": {
    "desirability": 0.8994591473792126,
    "optimal_factors": {
      "AR": 13.306215612326216,
      "N2": 95.17968760976446,
      "HE": 70.75052619882143,
      "C3H6": 5.4603878325582125,
      "O2": 69.77366450100706,
      "NF3": 15.793347981346145,
      "PRESSURE": 2.403051135573891,
      "SPACE": 19.80706495374426,
      "TIME": 14.806994002096278,
      "RF_POWER": 162.69557253287863
    },
    "predicted_responses": {
      "THICKNESS": 4999.999999985328,
      "UNIFORMITY": 0.9352787130510244,
      "PARTICLE": 18.50769611092936
    }
  }
}