{
  "timestamp": "2026-06-27T07:16:01.795760",
  "design_type": "plackett_burman",
  "active_factors": [
    "AR",
    "N2",
    "HE",
    "C3H6",
    "O2",
    "NF3",
    "PRESSURE",
    "SPACE",
    "TIME",
    "RF_POWER"
  ],
  "n_runs": 12,
  "optimization": {
    "desirability": 0.30620366643788527,
    "optimal_factors": {
      "AR": 13.30926445989503,
      "N2": 95.18235500681067,
      "HE": 70.75324088573412,
      "C3H6": 5.456686464620145,
      "O2": 69.77643002454771,
      "NF3": 15.79630748380885,
      "PRESSURE": 2.398730754112969,
      "SPACE": 19.809588671383427,
      "TIME": 14.801967396515957,
      "RF_POWER": 162.6913693848299
    },
    "predicted_responses": {
      "THICKNESS": 5000.000000239116,
      "UNIFORMITY": 6.629347876004163,
      "PARTICLE": 18.34887404284403
    }
  }
}