{
  "timestamp": "2026-06-27T07:30:18.978604",
  "design_type": "plackett_burman",
  "active_factors": [
    "AR",
    "N2",
    "HE",
    "C3H6",
    "O2",
    "NF3",
    "PRESSURE",
    "SPACE",
    "TIME",
    "RF_POWER"
  ],
  "n_runs": 12,
  "optimization": {
    "desirability": 0.8845922637865976,
    "optimal_factors": {
      "AR": 13.318411294553918,
      "N2": 95.19040305111844,
      "HE": 70.76155424118205,
      "C3H6": 5.44522909634792,
      "O2": 69.78470637712235,
      "NF3": 15.805435793745863,
      "PRESSURE": 2.385503749523426,
      "SPACE": 19.81756185643183,
      "TIME": 14.786285194363145,
      "RF_POWER": 162.67856259080074
    },
    "predicted_responses": {
      "THICKNESS": 5000.000000014914,
      "UNIFORMITY": 1.2278934481465436,
      "PARTICLE": 18.551333097717816
    }
  }
}